nome,cognome,genere,data_nascita,cap,squadra
Leonardo,Russo,M,2008-11-04,00124,Polisportiva Esempio
Noemi,Ricci,F,2008-07-17,00128,Pallavolo Tevere
Chiara,Lombardi,F,2010-08-28,00127,Volley Aurora
Andrea,Romano,M,2008-05-18,00125,Volley Aurora
Viola,Colombo,F,2007-02-05,00125,Volley Aurora
Lorenzo,Mancini,M,2009-03-09,00127,Volley Aurora
Filippo,Ferrari,M,2010-07-28,00126,Polisportiva Esempio
Pietro,Rossi,M,2009-11-14,00125,Pallavolo Tevere
Leonardo,Colombo,M,2010-09-09,00125,Volley Aurora
Francesco,Romano,M,2008-08-22,00125,Pallavolo Tevere
Matteo,Costa,M,2009-07-19,00128,Volley Aurora
Lorenzo,Ferrari,M,2009-12-16,00124,Polisportiva Esempio
Sara,Romano,F,2007-05-18,00124,Pallavolo Tevere
Nicolo,Bruno,M,2010-05-16,00125,Polisportiva Esempio
Davide,Moretti,M,2007-09-17,00125,Pallavolo Tevere
Camilla,Bianchi,F,2008-02-02,00128,Pallavolo Tevere
Noemi,Colombo,F,2008-12-10,00119,Pallavolo Tevere
Greta,Rizzo,F,2008-07-12,00125,Polisportiva Esempio
Nicolo,Conti,M,2008-03-20,00128,Volley Aurora
Matteo,Russo,M,2009-07-18,00124,Pallavolo Tevere
Martina,Ferrari,F,2009-08-14,00126,Polisportiva Esempio
Andrea,De Luca,M,2010-02-10,00125,Polisportiva Esempio
Martina,Ricci,F,2009-07-13,00126,Pallavolo Tevere
Samuele,Colombo,M,2009-05-17,00126,Polisportiva Esempio
Anna,Giordano,F,2010-11-04,00122,Polisportiva Esempio
Andrea,Giordano,M,2009-03-11,00127,Pallavolo Tevere
Alice,Rizzo,F,2010-12-09,00122,Volley Aurora
Diego,Bruno,M,2009-03-03,00128,Volley Aurora
Samuele,Giordano,M,2008-08-23,00124,Polisportiva Esempio
Irene,Moretti,F,2010-04-14,00125,Volley Aurora
Ginevra,Bianchi,F,2007-11-28,00118,Volley Aurora
Mattia,Lombardi,M,2007-07-28,00119,Volley Aurora
Matteo,Lombardi,M,2008-02-01,00124,Pallavolo Tevere
Mattia,Russo,M,2009-05-01,00121,Polisportiva Esempio
Marta,Colombo,F,2009-12-16,00121,Polisportiva Esempio
Edoardo,Moretti,M,2009-08-19,00121,Polisportiva Esempio
Simone,Rossi,M,2010-11-10,00126,Polisportiva Esempio
Camilla,Moretti,F,2008-04-04,00118,Volley Aurora
Francesco,Costa,M,2008-01-16,00125,Volley Aurora
Viola,Giordano,F,2008-11-28,00124,Volley Aurora
