testo,etichetta
"Piattaforma Giochi: abbiamo rilevato un accesso non autorizzato al tuo account, accedi e conferma la tua identità immediatamente. Grazie per la collaborazione.",phishing
"Buongiorno, il tuo codice di verifica per l'accesso che hai appena richiesto è 482913, non condividerlo con nessuno.",legittimo
"Gentile cliente, Posta Studenti: abbiamo rilevato un accesso non autorizzato al tuo account, invia una foto del documento entro 24 ore.",phishing
"Ciao, la mensa riapre lunedì con il nuovo menù. Grazie.",legittimo
"Negozio Online: la tua casella di posta ha superato lo spazio disponibile, invia una foto del documento per evitare sanzioni. Cordiali saluti.",phishing
"Ciao mamma ho cambiato numero, salvalo, puoi farmi un bonifico? non posso chiamare adesso.",phishing
"Banca Aurora: risulta un bollo non pagato, comunica il codice di verifica . Cordiali saluti.",phishing
"Buongiorno, ciao, ci vediamo alle 18 in palestra per l'allenamento. La segreteria.",legittimo
"Gentile cliente, Posta Studenti: abbiamo aggiornato i termini di sicurezza del servizio, inserisci il codice ricevuto via sms entro oggi. Cordiali saluti.",phishing
"Caro utente, Piattaforma Giochi: hai diritto a un rimborso di 95 euro, invia una foto del documento entro 24 ore.",phishing
"Ciao, la circolare sull'uscita didattica è disponibile nel registro elettronico.",legittimo
"Gentile cliente, grazie per il tuo acquisto, trovi la ricevuta nella tua area personale. Grazie.",legittimo
"Ciao, grazie per il tuo acquisto, trovi la ricevuta nella tua area personale. Grazie.",legittimo
puoi portare il libro di scienze domani? grazie. A presto.,legittimo
"Sono in riunione e non posso telefonare, ho bisogno che tu faccia un bonifico urgente, ti spiego dopo.",phishing
"Gentili famiglie, abbiamo registrato un nuovo accesso dal tuo dispositivo, se sei stato tu non devi fare nulla. A presto.",legittimo
"ciao, ci vediamo alle 18 in palestra per l'allenamento. Grazie.",legittimo
"Buongiorno, puoi portare il libro di scienze domani? grazie. A presto.",legittimo
"abbiamo registrato un nuovo accesso dal tuo dispositivo, se sei stato tu non devi fare nulla. Grazie.",legittimo
"Caro utente, Assistenza Account: la tua casella di posta ha superato lo spazio disponibile, conferma le tue credenziali al link entro 24 ore.",phishing
"Ufficio Tributi: abbiamo rilevato un accesso non autorizzato al tuo account, aggiorna i dati di pagamento per evitare sanzioni. Il team di sicurezza.",phishing
"Banca Aurora: abbiamo aggiornato i termini di sicurezza del servizio, aggiorna i dati di pagamento entro oggi. Il team di sicurezza.",phishing
"Gentile cliente, domani sciopero dei mezzi, le lezioni iniziano regolarmente. A presto.",legittimo
"Attenzione: Banca Aurora: il tuo abbonamento è scaduto, accedi e conferma la tua identità entro oggi. Cordiali saluti.",phishing
"Ciao, puoi portare il libro di scienze domani? grazie. A presto.",legittimo
"Gentile cliente, domani sciopero dei mezzi, le lezioni iniziano regolarmente. La segreteria.",legittimo
"Gentile cliente, ricordiamo che la riunione dei genitori si terrà giovedì alle 17 in aula magna.",legittimo
"Gentile cliente, SpediVeloce: la tua casella di posta ha superato lo spazio disponibile, conferma le tue credenziali al link per evitare sanzioni.",phishing
"Negozio Online: abbiamo rilevato un accesso non autorizzato al tuo account, comunica il codice di verifica altrimenti l'account verrà bloccato. Il team di sicurezza.",phishing
"Attenzione: Negozio Online: abbiamo rilevato un accesso non autorizzato al tuo account, clicca sul link e inserisci la password altrimenti l'account verrà bloccato.",phishing
"Gentile cliente, Piattaforma Giochi: hai diritto a un rimborso di 95 euro, clicca sul link e inserisci la password entro oggi. Grazie per la collaborazione.",phishing
"Ciao, abbiamo registrato un nuovo accesso dal tuo dispositivo, se sei stato tu non devi fare nulla. A presto.",legittimo
"Gentili famiglie, la biblioteca comunale resterà chiusa lunedì per lavori. Grazie.",legittimo
"Gentile cliente, il corso di inglese inizia il 10 ottobre alle 15.",legittimo
"Gentili famiglie, la circolare sull'uscita didattica è disponibile nel registro elettronico. A presto.",legittimo
"Buongiorno, la newsletter di ottobre con gli eventi del quartiere. Grazie.",legittimo
"Posta Studenti: la tua iscrizione deve essere rinnovata, invia una foto del documento prima che scada l'offerta.",phishing
"Ciao mamma ho cambiato numero, salvalo, puoi farmi un bonifico? non posso chiamare adesso.",phishing
"Ciao sono il coach, mandami su whatsapp documento e codice fiscale per la convocazione, non dirlo agli altri.",phishing
"Attenzione: Negozio Online: il tuo abbonamento è scaduto, invia una foto del documento altrimenti l'account verrà bloccato. Il team di sicurezza.",phishing
"Gentile cliente, il tuo ordine è stato spedito e arriverà domani. La segreteria.",legittimo
il compito di matematica è spostato a mercoledì. A presto.,legittimo
"Caro utente, Assistenza Account: la tua iscrizione deve essere rinnovata, accedi e conferma la tua identità altrimenti l'account verrà bloccato. Cordiali saluti.",phishing
"Buongiorno, la biblioteca comunale resterà chiusa lunedì per lavori.",legittimo
"Gentili famiglie, la circolare sull'uscita didattica è disponibile nel registro elettronico. Grazie.",legittimo
il pagamento del contributo volontario si effettua tramite il sistema dei pagamenti della scuola.,legittimo
"Buongiorno, ricordiamo che la riunione dei genitori si terrà giovedì alle 17 in aula magna. La segreteria.",legittimo
"Attenzione: Piattaforma Giochi: hai diritto a un rimborso di 95 euro, aggiorna i dati di pagamento .",phishing
"Come anticipato vi comunichiamo il nuovo iban per i pagamenti, procedete entro venerdì con riservatezza.",phishing
"Buongiorno, ciao, ci vediamo alle 18 in palestra per l'allenamento. A presto.",legittimo
"Gentile cliente, ciao, ci vediamo alle 18 in palestra per l'allenamento. Grazie.",legittimo
"Gentile cliente, ti ho mandato le foto della gita, guardale quando puoi.",legittimo
"Ciao, grazie per il tuo acquisto, trovi la ricevuta nella tua area personale. A presto.",legittimo
il modulo per il torneo va consegnato in segreteria entro venerdì. Grazie.,legittimo
"Negozio Online: il tuo account verrà sospeso per mancata verifica, clicca sul link e inserisci la password altrimenti l'account verrà bloccato. Cordiali saluti.",phishing
"Gentili famiglie, la verifica di storia è stata corretta, i voti sono sul registro. La segreteria.",legittimo
"Gentili famiglie, il compito di matematica è spostato a mercoledì. La segreteria.",legittimo
"Gentile cliente, Assistenza Account: hai vinto un buono da 500 euro, comunica il codice di verifica per evitare sanzioni. Il team di sicurezza.",phishing
"Negozio Online: il tuo abbonamento è scaduto, comunica il codice di verifica per evitare sanzioni. Grazie per la collaborazione.",phishing
"Gentili famiglie, il tuo codice di verifica per l'accesso che hai appena richiesto è 482913, non condividerlo con nessuno. A presto.",legittimo
"Gentili famiglie, la verifica di storia è stata corretta, i voti sono sul registro.",legittimo
"Caro utente, Piattaforma Giochi: il tuo pacco è in giacenza per indirizzo incompleto, comunica il codice di verifica per evitare sanzioni. Il team di sicurezza.",phishing
"Attenzione: Piattaforma Giochi: il tuo account verrà sospeso per mancata verifica, verifica i dati della carta altrimenti l'account verrà bloccato. Grazie per la collaborazione.",phishing
"Gentile cliente, SpediVeloce: hai diritto a un rimborso di 95 euro, accedi e conferma la tua identità immediatamente.",phishing
la mensa riapre lunedì con il nuovo menù.,legittimo
"Gentile cliente, Ufficio Tributi: abbiamo rilevato un accesso non autorizzato al tuo account, scarica e apri il modulo allegato per evitare sanzioni. Il team di sicurezza.",phishing
"Ciao, ti ho mandato le foto della gita, guardale quando puoi.",legittimo
"Caro utente, Servizio Clienti: il tuo account verrà sospeso per mancata verifica, invia una foto del documento immediatamente. Il team di sicurezza.",phishing
"Gentili famiglie, grazie per il tuo acquisto, trovi la ricevuta nella tua area personale. La segreteria.",legittimo
"Buongiorno, puoi portare il libro di scienze domani? grazie.",legittimo
"Gentile cliente, Assistenza Account: il tuo abbonamento è scaduto, aggiorna i dati di pagamento immediatamente.",phishing
"Attenzione: Servizio Clienti: hai vinto un buono da 500 euro, inserisci il codice ricevuto via sms entro oggi. Cordiali saluti.",phishing
"Caro utente, Negozio Online: abbiamo rilevato un accesso non autorizzato al tuo account, aggiorna i dati di pagamento entro oggi. Cordiali saluti.",phishing
"Attenzione: Piattaforma Giochi: abbiamo rilevato un accesso non autorizzato al tuo account, comunica il codice di verifica immediatamente.",phishing
"Gentile cliente, Ufficio Tributi: il tuo account verrà sospeso per mancata verifica, conferma le tue credenziali al link entro 24 ore.",phishing
"Gentile cliente, domani sciopero dei mezzi, le lezioni iniziano regolarmente. A presto.",legittimo
"Sono in riunione e non posso telefonare, ho bisogno che tu faccia un bonifico urgente, ti spiego dopo.",phishing
"Posta Studenti: è stato registrato un pagamento sospetto sulla tua carta, aggiorna i dati di pagamento entro oggi. Il team di sicurezza.",phishing
"Attenzione: Posta Studenti: la tua iscrizione deve essere rinnovata, scarica e apri il modulo allegato entro 24 ore. Cordiali saluti.",phishing
"Buongiorno, puoi portare il libro di scienze domani? grazie. A presto.",legittimo
"Ciao, domani sciopero dei mezzi, le lezioni iniziano regolarmente. La segreteria.",legittimo
"Ciao, il modulo per il torneo va consegnato in segreteria entro venerdì.",legittimo
"Ciao, il tuo codice di verifica per l'accesso che hai appena richiesto è 482913, non condividerlo con nessuno. Grazie.",legittimo
"Gentile cliente, Banca Aurora: hai vinto un buono da 500 euro, verifica i dati della carta altrimenti l'account verrà bloccato. Grazie per la collaborazione.",phishing
"SpediVeloce: il tuo abbonamento è scaduto, scarica e apri il modulo allegato entro oggi. Il team di sicurezza.",phishing
"Ciao, la newsletter di ottobre con gli eventi del quartiere. Grazie.",legittimo
"Caro utente, SpediVeloce: abbiamo rilevato un accesso non autorizzato al tuo account, comunica il codice di verifica altrimenti l'account verrà bloccato. Grazie per la collaborazione.",phishing
"Gentile cliente, la verifica di storia è stata corretta, i voti sono sul registro.",legittimo
"Piattaforma Giochi: il tuo abbonamento è scaduto, comunica il codice di verifica per evitare sanzioni.",phishing
"Gentile cliente, SpediVeloce: risulta un bollo non pagato, comunica il codice di verifica per evitare sanzioni. Grazie per la collaborazione.",phishing
"Gentile cliente, la circolare sull'uscita didattica è disponibile nel registro elettronico. Grazie.",legittimo
"Ciao, il tuo ordine è stato spedito e arriverà domani.",legittimo
"Ufficio Tributi: la tua iscrizione deve essere rinnovata, comunica il codice di verifica prima che scada l'offerta. Il team di sicurezza.",phishing
"Gentili famiglie, il tuo codice di verifica per l'accesso che hai appena richiesto è 482913, non condividerlo con nessuno. A presto.",legittimo
la circolare sull'uscita didattica è disponibile nel registro elettronico. A presto.,legittimo
"Ufficio Tributi: hai diritto a un rimborso di 95 euro, scarica e apri il modulo allegato per evitare sanzioni. Cordiali saluti.",phishing
"Ciao, il compito di matematica è spostato a mercoledì.",legittimo
"ti ho mandato le foto della gita, guardale quando puoi.",legittimo
"Attenzione: Banca Aurora: hai diritto a un rimborso di 95 euro, accedi e conferma la tua identità entro 24 ore. Grazie per la collaborazione.",phishing
"Attenzione: Servizio Clienti: risulta un bollo non pagato, scarica e apri il modulo allegato altrimenti l'account verrà bloccato. Il team di sicurezza.",phishing
"Gentile cliente, Posta Studenti: risulta un bollo non pagato, aggiorna i dati di pagamento per evitare sanzioni.",phishing
"Gentili famiglie, il pagamento del contributo volontario si effettua tramite il sistema dei pagamenti della scuola. La segreteria.",legittimo
"Ciao, ricordiamo che la riunione dei genitori si terrà giovedì alle 17 in aula magna. A presto.",legittimo
"Attenzione: Piattaforma Giochi: hai diritto a un rimborso di 95 euro, scarica e apri il modulo allegato per evitare sanzioni. Il team di sicurezza.",phishing
"Buongiorno, la mensa riapre lunedì con il nuovo menù. A presto.",legittimo
"Buongiorno, grazie per il tuo acquisto, trovi la ricevuta nella tua area personale. A presto.",legittimo
"Sono in riunione e non posso telefonare, ho bisogno che tu faccia un bonifico urgente, ti spiego dopo.",phishing
"Gentile cliente, il modulo per il torneo va consegnato in segreteria entro venerdì. Grazie.",legittimo
"Gentile cliente, il tuo codice di verifica per l'accesso che hai appena richiesto è 482913, non condividerlo con nessuno. Grazie.",legittimo
"Gentile cliente, il tuo ordine è stato spedito e arriverà domani.",legittimo
"Gentile cliente, Assistenza Account: hai diritto a un rimborso di 95 euro, scarica e apri il modulo allegato entro 24 ore.",phishing
"Attenzione: Posta Studenti: il tuo account verrà sospeso per mancata verifica, aggiorna i dati di pagamento entro 24 ore. Grazie per la collaborazione.",phishing
"Caro utente, SpediVeloce: il tuo pacco è in giacenza per indirizzo incompleto, inserisci il codice ricevuto via sms . Grazie per la collaborazione.",phishing
"SpediVeloce: abbiamo aggiornato i termini di sicurezza del servizio, scarica e apri il modulo allegato per evitare sanzioni.",phishing
"Buongiorno, l'estratto conto di agosto è disponibile nell'app. A presto.",legittimo
"Gentile cliente, Ufficio Tributi: la tua casella di posta ha superato lo spazio disponibile, inserisci il codice ricevuto via sms .",phishing
"ciao, ci vediamo alle 18 in palestra per l'allenamento. Grazie.",legittimo
"Banca Aurora: la tua casella di posta ha superato lo spazio disponibile, comunica il codice di verifica .",phishing
"Buongiorno, l'estratto conto di agosto è disponibile nell'app. La segreteria.",legittimo
"Caro utente, Ufficio Tributi: il tuo account verrà sospeso per mancata verifica, clicca sul link e inserisci la password altrimenti l'account verrà bloccato. Grazie per la collaborazione.",phishing
"Attenzione: Posta Studenti: risulta un bollo non pagato, paga le spese di 1,99 euro entro oggi. Grazie per la collaborazione.",phishing
la mensa riapre lunedì con il nuovo menù. La segreteria.,legittimo
"Ufficio Tributi: hai vinto un buono da 500 euro, paga le spese di 1,99 euro immediatamente.",phishing
"Ciao sono il coach, mandami su whatsapp documento e codice fiscale per la convocazione, non dirlo agli altri.",phishing
"Ciao, abbiamo registrato un nuovo accesso dal tuo dispositivo, se sei stato tu non devi fare nulla. A presto.",legittimo
"Gentile cliente, Posta Studenti: risulta un bollo non pagato, accedi e conferma la tua identità entro oggi.",phishing
"Gentile cliente, Posta Studenti: il tuo abbonamento è scaduto, scarica e apri il modulo allegato . Il team di sicurezza.",phishing
"Buongiorno, la circolare sull'uscita didattica è disponibile nel registro elettronico. La segreteria.",legittimo
"Gentili famiglie, la tua prenotazione per la visita al museo è confermata per sabato. Grazie.",legittimo
"Gentile cliente, grazie per il tuo acquisto, trovi la ricevuta nella tua area personale. A presto.",legittimo
"Ciao sono il coach, mandami su whatsapp documento e codice fiscale per la convocazione, non dirlo agli altri.",phishing
"Attenzione: Assistenza Account: è stato registrato un pagamento sospetto sulla tua carta, invia una foto del documento per evitare sanzioni. Cordiali saluti.",phishing
"Attenzione: Posta Studenti: il tuo pacco è in giacenza per indirizzo incompleto, inserisci il codice ricevuto via sms entro oggi. Cordiali saluti.",phishing
"Come anticipato vi comunichiamo il nuovo iban per i pagamenti, procedete entro venerdì con riservatezza.",phishing
"Posta Studenti: il tuo abbonamento è scaduto, aggiorna i dati di pagamento prima che scada l'offerta.",phishing
"Ciao, l'estratto conto di agosto è disponibile nell'app. Grazie.",legittimo
"Gentili famiglie, la tua prenotazione per la visita al museo è confermata per sabato.",legittimo
"Caro utente, Negozio Online: la tua iscrizione deve essere rinnovata, inserisci il codice ricevuto via sms per evitare sanzioni.",phishing
"Gentile cliente, il compito di matematica è spostato a mercoledì. La segreteria.",legittimo
"Ciao, il modulo per il torneo va consegnato in segreteria entro venerdì.",legittimo
"Gentile cliente, la newsletter di ottobre con gli eventi del quartiere. La segreteria.",legittimo
"Gentile cliente, SpediVeloce: è stato registrato un pagamento sospetto sulla tua carta, verifica i dati della carta altrimenti l'account verrà bloccato.",phishing
"ti ho mandato le foto della gita, guardale quando puoi. La segreteria.",legittimo
"Buongiorno, domani sciopero dei mezzi, le lezioni iniziano regolarmente. A presto.",legittimo
"Attenzione: Assistenza Account: abbiamo aggiornato i termini di sicurezza del servizio, inserisci il codice ricevuto via sms prima che scada l'offerta. Il team di sicurezza.",phishing
"Assistenza Account: risulta un bollo non pagato, clicca sul link e inserisci la password entro 24 ore.",phishing
"ciao, ci vediamo alle 18 in palestra per l'allenamento.",legittimo
"Come anticipato vi comunichiamo il nuovo iban per i pagamenti, procedete entro venerdì con riservatezza.",phishing
"Buongiorno, domani sciopero dei mezzi, le lezioni iniziano regolarmente.",legittimo
"Buongiorno, ti ho mandato le foto della gita, guardale quando puoi. La segreteria.",legittimo
"Gentile cliente, Negozio Online: risulta un bollo non pagato, conferma le tue credenziali al link entro oggi.",phishing
"Assistenza Account: abbiamo rilevato un accesso non autorizzato al tuo account, clicca sul link e inserisci la password altrimenti l'account verrà bloccato. Il team di sicurezza.",phishing
"Gentile cliente, Piattaforma Giochi: risulta un bollo non pagato, invia una foto del documento altrimenti l'account verrà bloccato.",phishing
"Per un controllo interno ti chiedo di comprare quattro carte regalo e inviarmi i codici, è riservato.",phishing
"Per un controllo interno ti chiedo di comprare quattro carte regalo e inviarmi i codici, è riservato.",phishing
"Caro utente, Negozio Online: hai diritto a un rimborso di 95 euro, inserisci il codice ricevuto via sms per evitare sanzioni.",phishing
"Buongiorno, l'estratto conto di agosto è disponibile nell'app. La segreteria.",legittimo
"Buongiorno, ti ho mandato le foto della gita, guardale quando puoi. A presto.",legittimo
"Gentile cliente, SpediVeloce: hai diritto a un rimborso di 95 euro, aggiorna i dati di pagamento .",phishing
"Attenzione: SpediVeloce: il tuo abbonamento è scaduto, accedi e conferma la tua identità entro 24 ore. Cordiali saluti.",phishing
"Gentile cliente, Assistenza Account: hai vinto un buono da 500 euro, paga le spese di 1,99 euro altrimenti l'account verrà bloccato. Il team di sicurezza.",phishing
"Ciao, la verifica di storia è stata corretta, i voti sono sul registro.",legittimo
"Per un controllo interno ti chiedo di comprare quattro carte regalo e inviarmi i codici, è riservato.",phishing
"Ciao, il tuo codice di verifica per l'accesso che hai appena richiesto è 482913, non condividerlo con nessuno. A presto.",legittimo
"Ciao, domani sciopero dei mezzi, le lezioni iniziano regolarmente.",legittimo
"Attenzione: Piattaforma Giochi: il tuo pacco è in giacenza per indirizzo incompleto, accedi e conferma la tua identità entro oggi. Grazie per la collaborazione.",phishing
"Gentile cliente, Ufficio Tributi: il tuo abbonamento è scaduto, conferma le tue credenziali al link altrimenti l'account verrà bloccato. Il team di sicurezza.",phishing
"Buongiorno, puoi portare il libro di scienze domani? grazie.",legittimo
"Buongiorno, il pagamento del contributo volontario si effettua tramite il sistema dei pagamenti della scuola. La segreteria.",legittimo
ricordiamo che la riunione dei genitori si terrà giovedì alle 17 in aula magna.,legittimo
"Gentile cliente, Assistenza Account: il tuo pacco è in giacenza per indirizzo incompleto, verifica i dati della carta per evitare sanzioni.",phishing
"Negozio Online: il tuo pacco è in giacenza per indirizzo incompleto, accedi e conferma la tua identità entro 24 ore. Grazie per la collaborazione.",phishing
"Ciao, abbiamo registrato un nuovo accesso dal tuo dispositivo, se sei stato tu non devi fare nulla.",legittimo
"Gentile cliente, Ufficio Tributi: hai vinto un buono da 500 euro, clicca sul link e inserisci la password per evitare sanzioni.",phishing
"Piattaforma Giochi: risulta un bollo non pagato, inserisci il codice ricevuto via sms altrimenti l'account verrà bloccato.",phishing
"Ciao, l'estratto conto di agosto è disponibile nell'app. La segreteria.",legittimo
"Buongiorno, la mensa riapre lunedì con il nuovo menù. A presto.",legittimo
"Gentile cliente, Servizio Clienti: abbiamo aggiornato i termini di sicurezza del servizio, comunica il codice di verifica entro 24 ore. Il team di sicurezza.",phishing
"Gentili famiglie, la verifica di storia è stata corretta, i voti sono sul registro. Grazie.",legittimo
ricordiamo che la riunione dei genitori si terrà giovedì alle 17 in aula magna. Grazie.,legittimo
"Caro utente, Posta Studenti: hai diritto a un rimborso di 95 euro, verifica i dati della carta per evitare sanzioni. Cordiali saluti.",phishing
"Negozio Online: risulta un bollo non pagato, conferma le tue credenziali al link altrimenti l'account verrà bloccato. Cordiali saluti.",phishing
"Gentile cliente, puoi portare il libro di scienze domani? grazie. La segreteria.",legittimo
"Caro utente, SpediVeloce: hai diritto a un rimborso di 95 euro, invia una foto del documento immediatamente.",phishing
"Attenzione: Posta Studenti: il tuo pacco è in giacenza per indirizzo incompleto, scarica e apri il modulo allegato per evitare sanzioni. Grazie per la collaborazione.",phishing
"Attenzione: Servizio Clienti: risulta un bollo non pagato, clicca sul link e inserisci la password entro oggi.",phishing
"Buongiorno, il corso di inglese inizia il 10 ottobre alle 15.",legittimo
"Buongiorno, grazie per il tuo acquisto, trovi la ricevuta nella tua area personale.",legittimo
"Ufficio Tributi: è stato registrato un pagamento sospetto sulla tua carta, comunica il codice di verifica immediatamente. Cordiali saluti.",phishing
"Attenzione: Posta Studenti: hai vinto un buono da 500 euro, paga le spese di 1,99 euro entro 24 ore.",phishing
"Gentile cliente, domani sciopero dei mezzi, le lezioni iniziano regolarmente. A presto.",legittimo
"Buongiorno, il tuo codice di verifica per l'accesso che hai appena richiesto è 482913, non condividerlo con nessuno. La segreteria.",legittimo
"Gentili famiglie, il tuo ordine è stato spedito e arriverà domani. La segreteria.",legittimo
"Attenzione: Posta Studenti: hai vinto un buono da 500 euro, conferma le tue credenziali al link altrimenti l'account verrà bloccato.",phishing
"Gentile cliente, ricordiamo che la riunione dei genitori si terrà giovedì alle 17 in aula magna. A presto.",legittimo
"Ciao, la circolare sull'uscita didattica è disponibile nel registro elettronico.",legittimo
"Gentili famiglie, puoi portare il libro di scienze domani? grazie. La segreteria.",legittimo
"Gentile cliente, la mensa riapre lunedì con il nuovo menù. A presto.",legittimo
"Gentile cliente, Negozio Online: la tua iscrizione deve essere rinnovata, clicca sul link e inserisci la password per evitare sanzioni.",phishing
"Gentili famiglie, grazie per il tuo acquisto, trovi la ricevuta nella tua area personale. La segreteria.",legittimo
"Buongiorno, la biblioteca comunale resterà chiusa lunedì per lavori. La segreteria.",legittimo
"Buongiorno, domani sciopero dei mezzi, le lezioni iniziano regolarmente.",legittimo
"Ciao, il tuo ordine è stato spedito e arriverà domani. A presto.",legittimo
"Gentile cliente, Ufficio Tributi: hai diritto a un rimborso di 95 euro, inserisci il codice ricevuto via sms altrimenti l'account verrà bloccato. Cordiali saluti.",phishing
"Ciao, la circolare sull'uscita didattica è disponibile nel registro elettronico.",legittimo
"Attenzione: Posta Studenti: abbiamo rilevato un accesso non autorizzato al tuo account, accedi e conferma la tua identità prima che scada l'offerta.",phishing
"Buongiorno, ricordiamo che la riunione dei genitori si terrà giovedì alle 17 in aula magna. A presto.",legittimo
"Gentili famiglie, grazie per il tuo acquisto, trovi la ricevuta nella tua area personale. Grazie.",legittimo
"Gentile cliente, Posta Studenti: risulta un bollo non pagato, paga le spese di 1,99 euro entro 24 ore. Grazie per la collaborazione.",phishing
"Gentili famiglie, ti ho mandato le foto della gita, guardale quando puoi. Grazie.",legittimo
"Ciao sono il coach, mandami su whatsapp documento e codice fiscale per la convocazione, non dirlo agli altri.",phishing
"Caro utente, Negozio Online: la tua casella di posta ha superato lo spazio disponibile, clicca sul link e inserisci la password immediatamente.",phishing
"Caro utente, Negozio Online: hai vinto un buono da 500 euro, inserisci il codice ricevuto via sms . Grazie per la collaborazione.",phishing
"Gentile cliente, SpediVeloce: è stato registrato un pagamento sospetto sulla tua carta, verifica i dati della carta entro oggi.",phishing
"Attenzione: Banca Aurora: risulta un bollo non pagato, inserisci il codice ricevuto via sms entro 24 ore. Grazie per la collaborazione.",phishing
"Gentile cliente, il tuo ordine è stato spedito e arriverà domani. La segreteria.",legittimo
"Gentile cliente, il tuo codice di verifica per l'accesso che hai appena richiesto è 482913, non condividerlo con nessuno.",legittimo
"Gentile cliente, SpediVeloce: hai diritto a un rimborso di 95 euro, clicca sul link e inserisci la password altrimenti l'account verrà bloccato. Grazie per la collaborazione.",phishing
"Caro utente, Posta Studenti: abbiamo rilevato un accesso non autorizzato al tuo account, clicca sul link e inserisci la password .",phishing
"Gentile cliente, Banca Aurora: il tuo account verrà sospeso per mancata verifica, aggiorna i dati di pagamento per evitare sanzioni. Grazie per la collaborazione.",phishing
