scheda,becco_lunghezza_mm,becco_profondita_mm,pinna_lunghezza_mm,massa_g,specie
P01,46.5,14.5,213.0,4400.0,Gentoo
P02,41.5,18.5,201.0,4000.0,Adelie
P03,42.7,13.7,208.0,3950.0,Gentoo
P04,42.0,19.5,200.0,4050.0,Adelie
P05,51.0,18.8,203.0,4100.0,Chinstrap
P06,49.6,16.0,225.0,5700.0,Gentoo
P07,41.1,19.1,188.0,4100.0,Adelie
P08,50.8,18.5,201.0,4450.0,Chinstrap
P09,51.3,19.2,193.0,3650.0,Chinstrap
P10,41.1,18.6,189.0,3325.0,Adelie
P11,50.2,18.7,198.0,3775.0,Chinstrap
P12,36.0,18.5,186.0,3100.0,Adelie
P13,51.1,16.5,225.0,5250.0,Gentoo
P14,36.9,18.6,189.0,3500.0,Adelie
P15,40.8,18.4,195.0,3900.0,Adelie
P16,43.2,18.5,192.0,4100.0,Adelie
P17,46.8,16.1,215.0,5500.0,Gentoo
P18,46.2,14.1,217.0,4375.0,Gentoo
P19,46.4,15.0,216.0,4700.0,Gentoo
P20,49.5,19.0,200.0,3800.0,Chinstrap
P21,44.5,14.7,214.0,4850.0,Gentoo
P22,42.5,16.7,187.0,3350.0,Chinstrap
P23,43.5,18.1,202.0,3400.0,Chinstrap
P24,46.4,18.6,190.0,3450.0,Chinstrap
