id,data_nascita,genere,cap,ore_sonno,si_sente_sotto_pressione,usa_social_di_notte
R001,2010-09-21,F,00122,6,no,no
R002,2010-12-25,M,00127,5,no,sì
R003,2010-02-04,F,00119,8,sì,no
R004,2010-08-22,M,00122,5,sì,sì
R005,2009-06-26,M,00128,8,no,no
R006,2008-09-18,F,00124,9,sì,no
R007,2010-12-23,M,00124,6,sì,no
R008,2009-08-14,F,00126,6,no,no
R009,2009-09-26,M,00127,7,no,no
R010,2009-07-19,M,00128,6,sì,no
R011,2008-03-27,F,00128,6,no,sì
R012,2009-08-05,F,00122,6,no,no
R013,2010-08-23,F,00124,9,sì,sì
R014,2010-11-17,M,00126,5,no,no
R015,2009-05-01,M,00121,7,no,no
R016,2009-06-07,M,00127,6,no,sì
R017,2009-07-18,M,00124,5,no,sì
R018,2008-08-23,M,00124,9,no,no
R019,2009-12-16,M,00124,7,sì,no
R020,2008-04-24,M,00121,7,no,sì
R021,2008-01-15,M,00128,7,sì,sì
R022,2008-04-04,F,00118,6,no,no
R023,2008-01-11,M,00127,6,no,no
R024,2008-08-19,F,00128,6,sì,sì
R025,2009-11-06,M,00124,6,no,no
R026,2008-09-26,M,00126,7,no,no
R027,2009-02-02,F,00125,6,no,sì
R028,2010-08-11,F,00127,8,no,sì
R029,2009-08-19,M,00121,9,no,no
R030,2010-04-14,F,00125,7,no,sì
R031,2008-11-23,M,00128,8,no,sì
R032,2008-11-06,M,00128,6,no,sì
R033,2010-04-16,F,00121,6,sì,sì
R034,2008-03-22,F,00126,7,no,sì
R035,2010-07-28,M,00126,9,no,sì
R036,2009-03-09,M,00127,6,no,sì
R037,2009-03-11,M,00127,7,sì,sì
R038,2010-09-26,M,00119,6,sì,no
R039,2008-02-15,F,00126,7,sì,sì
R040,2009-03-12,F,00128,7,no,no
R041,2010-12-09,F,00122,8,sì,no
R042,2009-11-18,M,00119,7,no,sì
R043,2009-03-04,M,00125,7,no,sì
R044,2010-06-09,F,00119,9,no,no
R045,2008-05-09,M,00118,7,no,sì
R046,2009-01-02,M,00122,5,sì,no
R047,2008-02-22,F,00125,9,no,no
R048,2010-11-21,M,00118,9,no,sì
R049,2010-04-20,M,00126,6,no,no
R050,2010-11-09,F,00124,7,no,no
R051,2010-12-14,M,00124,6,no,no
R052,2010-02-10,M,00125,7,no,sì
R053,2009-04-18,F,00119,6,no,sì
R054,2008-02-02,F,00128,9,no,no
R055,2010-11-10,M,00126,9,no,no
R056,2009-07-13,F,00126,9,no,no
R057,2008-09-01,F,00128,6,sì,no
R058,2008-04-01,M,00124,8,no,sì
R059,2009-06-05,M,00119,7,no,no
R060,2008-11-28,F,00124,9,sì,no
