percorso,criterio,informazione,fonte,punteggio
ITS Academy area ICT (biennale),durata,"2 anni, almeno 1800 ore; diploma di 5° livello EQF",https://www.regione.lazio.it/cittadini/scuola-universita/istituti-tecnici-superiori,4
ITS Academy area ICT (biennale),pratica,almeno il 35% delle ore in stage e tirocini in azienda,https://www.regione.lazio.it/cittadini/scuola-universita/istituti-tecnici-superiori,5
ITS Academy area ICT (biennale),occupazione,"84% dei diplomati occupato entro 12 mesi, 93% in attività coerente (monitoraggio INDIRE 2025, dati nazionali)",https://www.orizzontescuola.it/its-academy-a-un-anno-dal-diploma-l84-trova-lavoro-il-93-in-un-settore-coerente-con-il-percorso-di-studi-i-dati-di-indire/,4
ITS Academy area ICT (biennale),costo,contributo di iscrizione stabilito da ogni fondazione,https://www.regione.lazio.it/cittadini/scuola-universita/istituti-tecnici-superiori,3
ITS Academy area ICT (biennale),interesse,"progetti con aziende, docenti che vengono dal lavoro","open day della fondazione, 15 novembre",3
Laurea in Informatica (L-31),durata,"3 anni, 180 crediti; laurea di 6° livello EQF; si può proseguire con la magistrale",https://www.universitaly.it/,3
Laurea in Informatica (L-31),pratica,più teoria; tirocinio o progetto finale in molti corsi,"piano di studi del corso, sito dell'ateneo",3
Laurea in Informatica (L-31),occupazione,dati per corso e ateneo nell'indagine Condizione occupazionale dei laureati,https://www.almalaurea.it/,4
Laurea in Informatica (L-31),costo,"contributi in base all'ISEE, esonero per i redditi più bassi; borse di studio regionali","regolamento delle tasse dell'ateneo, sito dell'ateneo",3
Laurea in Informatica (L-31),interesse,matematica e programmazione mi piacciono; voglio capire come funzionano i sistemi,"lezione aperta all'università, 20 febbraio",5
