id,anno_corso,mezzo,distanza_km,tempo_min,fascia_partenza
1,3,piedi,1.5,15,7:30-7:45
2,4,auto,16.4,46,prima delle 7:00
3,4,monopattino,4.7,20,dopo le 7:45
4,5,auto,8.6,27,7:00-7:30
5,4,bus,6.9,33,7:00-7:30
6,4,bici,3.9,14,7:30-7:45
7,4,bici,5.3,22,7:30-7:45
8,4,monopattino,3.2,16,dopo le 7:45
9,3,bus,10.2,50,prima delle 7:00
10,5,bus,8.8,48,prima delle 7:00
11,5,auto,7.3,22,dopo le 7:45
12,4,bus,6.7,39,7:00-7:30
13,4,bus,7.7,48,prima delle 7:00
14,5,bus,10.6,48,prima delle 7:00
15,3,auto,17.3,48,7:00-7:30
16,3,piedi,0.8,11,dopo le 7:45
17,5,bus,2.7,23,dopo le 7:45
18,4,bus,12.6,56,7:00-7:30
19,5,auto,11.9,32,7:00-7:30
20,5,bus,11.7,56,prima delle 7:00
21,4,auto,2.2,13,7:30-7:45
22,4,auto,6.7,21,7:30-7:45
23,4,piedi,0.4,3,dopo le 7:45
24,3,auto,16.0,47,prima delle 7:00
25,3,piedi,1.5,21,dopo le 7:45
26,4,monopattino,3.7,20,dopo le 7:45
27,5,bici,4.2,16,7:30-7:45
28,5,auto,11.3,29,7:00-7:30
29,4,monopattino,1.7,3,7:30-7:45
30,4,bici,5.6,22,dopo le 7:45
31,3,bici,4.3,19,7:30-7:45
32,5,bici,4.7,19,7:30-7:45
33,3,bici,4.9,15,dopo le 7:45
34,3,piedi,0.4,7,7:30-7:45
35,4,bus,8.6,49,7:00-7:30
36,3,piedi,1.8,21,dopo le 7:45
37,5,auto,15.5,45,7:00-7:30
38,4,piedi,1.5,21,7:30-7:45
39,3,bus,7.3,42,7:30-7:45
40,4,piedi,0.8,12,dopo le 7:45
41,4,auto,4.5,23,7:30-7:45
42,5,bici,5.5,25,7:00-7:30
43,3,bus,4.8,27,7:00-7:30
44,3,treno,23.9,52,prima delle 7:00
45,4,bus,9.5,44,7:00-7:30
46,3,monopattino,3.1,14,7:30-7:45
47,4,bici,5.3,19,7:30-7:45
48,4,bus,10.0,46,7:00-7:30
49,4,monopattino,5.0,18,7:30-7:45
50,3,bus,2.5,24,dopo le 7:45
51,3,piedi,0.4,6,dopo le 7:45
52,4,bus,13.2,57,7:00-7:30
53,5,bus,7.0,38,7:00-7:30
54,3,piedi,2.0,25,7:00-7:30
55,3,treno,35.0,75,prima delle 7:00
56,4,piedi,0.4,3,7:30-7:45
57,3,auto,3.9,13,dopo le 7:45
58,5,auto,17.7,48,prima delle 7:00
59,5,bus,12.9,63,prima delle 7:00
60,4,piedi,1.2,12,dopo le 7:45
61,3,bus,1.6,17,7:30-7:45
62,4,bus,2.1,21,dopo le 7:45
63,3,treno,31.1,68,prima delle 7:00
64,4,piedi,0.4,7,dopo le 7:45
65,4,bus,10.3,51,prima delle 7:00
66,3,treno,30.0,61,7:00-7:30
67,5,bus,10.0,45,prima delle 7:00
68,5,monopattino,4.7,21,dopo le 7:45
69,5,piedi,1.5,17,dopo le 7:45
70,4,bici,1.6,9,7:30-7:45
71,3,auto,2.3,9,7:30-7:45
72,4,bus,5.1,33,7:00-7:30
73,4,auto,14.3,41,7:00-7:30
74,5,monopattino,1.7,13,7:30-7:45
75,3,auto,9.3,23,7:30-7:45
76,5,bici,4.2,17,dopo le 7:45
77,4,bus,2.1,17,dopo le 7:45
78,3,bus,3.4,24,dopo le 7:45
79,4,bus,9.5,47,7:00-7:30
80,5,bus,4.2,27,7:00-7:30
81,5,piedi,1.5,20,7:30-7:45
82,5,auto,4.6,26,7:30-7:45
83,5,bus,1.8,20,dopo le 7:45
84,3,piedi,1.1,17,dopo le 7:45
85,3,bus,4.4,23,dopo le 7:45
86,5,bus,2.4,29,7:00-7:30
87,4,piedi,1.8,24,7:30-7:45
88,4,auto,9.0,31,7:00-7:30
89,5,bici,4.7,18,dopo le 7:45
90,4,monopattino,1.2,3,dopo le 7:45
91,4,bus,3.1,26,7:00-7:30
92,3,treno,23.4,55,prima delle 7:00
93,3,bici,1.5,6,7:30-7:45
94,5,bus,6.5,31,7:30-7:45
95,5,bus,11.8,56,7:00-7:30
96,3,bici,2.9,10,7:30-7:45
97,3,piedi,2.1,27,7:30-7:45
98,4,piedi,1.4,18,dopo le 7:45
99,3,auto,15.0,40,7:00-7:30
100,4,piedi,1.9,24,dopo le 7:45
101,3,bus,2.2,21,7:30-7:45
102,3,auto,8.0,28,7:00-7:30
103,5,bus,13.8,60,prima delle 7:00
104,4,auto,16.5,42,7:00-7:30
105,4,auto,17.1,38,7:30-7:45
106,5,treno,12.5,37,7:30-7:45
107,3,piedi,1.3,14,dopo le 7:45
108,5,bus,12.1,51,7:00-7:30
109,4,bus,3.9,23,dopo le 7:45
110,5,piedi,1.1,10,dopo le 7:45
111,5,treno,24.1,53,prima delle 7:00
112,4,treno,17.6,40,7:30-7:45
113,3,bus,7.6,42,7:30-7:45
114,5,monopattino,3.5,9,7:30-7:45
115,5,bici,3.6,14,dopo le 7:45
116,3,auto,1.5,12,dopo le 7:45
117,4,piedi,1.9,24,7:30-7:45
118,4,bus,13.8,62,prima delle 7:00
119,5,auto,7.5,23,dopo le 7:45
120,4,bus,6.6,39,7:30-7:45
121,3,bici,3.9,18,7:30-7:45
122,5,auto,12.6,34,7:00-7:30
123,5,auto,5.8,20,dopo le 7:45
124,5,bus,10.7,53,7:00-7:30
125,3,monopattino,2.3,9,dopo le 7:45
126,4,bus,13.6,64,7:00-7:30
127,5,piedi,0.9,10,7:30-7:45
128,4,piedi,0.6,9,dopo le 7:45
129,4,bus,11.4,56,prima delle 7:00
130,5,bus,12.9,65,7:00-7:30
131,4,monopattino,4.5,20,dopo le 7:45
132,5,bus,13.9,60,7:00-7:30
133,3,monopattino,2.0,7,7:30-7:45
134,4,piedi,0.9,10,7:30-7:45
135,5,bus,11.2,54,7:00-7:30
136,5,bus,9.1,43,7:30-7:45
137,5,auto,8.3,27,7:30-7:45
138,5,bus,1.8,23,7:30-7:45
139,5,bici,2.9,6,7:30-7:45
140,4,piedi,2.2,27,7:30-7:45
141,3,piedi,1.2,15,dopo le 7:45
142,4,piedi,1.9,25,7:30-7:45
143,3,monopattino,4.0,14,dopo le 7:45
144,5,bus,8.1,42,7:30-7:45
145,3,piedi,0.5,5,dopo le 7:45
146,3,monopattino,1.9,11,7:30-7:45
147,3,auto,2.5,18,7:30-7:45
148,5,bus,12.3,52,7:00-7:30
149,5,bici,1.2,4,dopo le 7:45
150,5,treno,28.4,60,7:00-7:30
