id,inviato_il,anno_corso,mezzo,distanza_km,tempo_min,fascia_partenza
1,2026-10-06 08:50:44,4,bus,10.0,46,7:00-7:30
2,2026-10-06 08:10:32,5,auto,8.6,27,7:00-7:30
3,2026-10-06 08:05:40,5,bicicletta,4.7,19,7:30-7:45
4,2026-10-06 08:39:44,4,monopattino elettrico,3.7,20,dopo le 7:45
5,2026-10-06 08:55:09,3,piedi,0.8,11,dopo le 7:45
6,2026-10-06 08:35:53,5,auto,12.6,34,7:00-7:30
7,2026-10-06 08:06:09,4,monopattino,"1,2",3,dopo le 7:45
8,2026-10-06 08:05:51,4,bicicletta,5.3,22,7:30-7:45
9,2026-10-06 08:41:20,5,monopattino,3.5,9,7:30-7:45
10,2026-10-06 08:50:57,3,treno,30.0,61',7:00-7:30
11,2026-10-06 08:37:06,5,bici,4.7,18,dopo le 7:45
12,2026-10-06 08:18:10,3,bus,7.3,42,7:30-7:45
13,2026-10-06 08:20:41,3,bici,1.5,6,7:30-7:45
14,2026-10-06 08:32:48,3,a piedi,"2,0",25,7:00-7:30
15,2026-10-06 08:13:16,4,piedi,1.9,25,7:30-7:45
16,2026-10-06 08:32:25,4,auto,4.5,23,7:30-7:45
17,2026-10-06 08:14:27,4,auto,14.3,41,7:00-7:30
18,2026-10-06 08:45:49,5,Auto,8.3,27,7:30-7:45
19,2026-10-06 08:48:48,3,macchina,1.5,12,dopo le 7:45
20,2026-10-06 08:56:43,3,bus,"4,8",27,7:00-7:30
21,2026-10-06 08:17:11,3,treno,23.9,52,prima delle 7:00
22,2026-10-06 08:51:48,5,Bici,3.6,14,dopo le 7:45
23,2026-10-06 08:54:25,5,bus,"8,1",42,7:30-7:45
24,2026-10-06 08:17:43,4,BUS,2.1,17,dopo le 7:45
25,2026-10-06 08:58:14,4,bici,3.9,14 minuti,7:30-7:45
26,2026-10-06 08:18:43,4,treno,17.6,40,7:30-7:45
27,2026-10-06 08:22:07,5,bus,"9,1",43,7:30-7:45
28,2026-10-06 08:30:42,5,Monopattino,4.7,21,dopo le 7:45
29,2026-10-06 08:53:55,5,in auto,17.7,48,prima delle 7:00
30,2026-10-06 08:26:55,4,piedi,1.8,24 minuti,7:30-7:45
31,2026-10-06 08:53:22,3,auto,17.3,48,7:00-7:30
32,2026-10-06 08:48:07,3,Piedi,1.5,21,dopo le 7:45
33,2026-10-06 08:39:59,3,a piedi,1.2,15,dopo le 7:45
34,2026-10-06 08:37:52,5,pullman,12.9,63,prima delle 7:00
35,2026-10-06 08:34:40,3,Bus,"10,2",50,prima delle 7:00
36,2026-10-06 08:32:01,5,in auto,11.3,29,7:00-7:30
37,2026-10-06 08:23:20,3,pullman,3.4,24,dopo le 7:45
38,2026-10-06 08:41:15,5,bici,5.5,25,7:00-7:30
39,2026-10-06 08:08:18,5,bici,1.2,4,dopo le 7:45
40,2026-10-06 08:27:51,5,piedi ,1.5,17,dopo le 7:45
41,2026-10-06 08:31:48,5,autobus,1.8,23,7:30-7:45
42,2026-10-06 08:56:29,5, bus,1.8,20,dopo le 7:45
43,2026-10-06 08:58:27,4,piedi,0.4,3,dopo le 7:45
44,2026-10-06 08:49:51,4,autobus,250,56,7:00-7:30
45,2026-10-06 08:15:43,4,piedi ,"0,6",9,dopo le 7:45
46,2026-10-06 08:52:45,4,bus,13.2,57,7:00-7:30
47,2026-10-06 08:52:19,3,auto,"16,0",47,prima delle 7:00
48,2026-10-06 09:04:28,3,piedi,,17,dopo le 7:45
49,2026-10-06 08:41:22,3,piedi,0.5,5,dopo le 7:45
50,2026-10-06 08:46:13,3,bus,4.4,23,dopo le 7:45
51,2026-10-06 08:23:58,3,monopattino,3.1,14,7:30-7:45
52,2026-10-06 08:44:07,3,piedi ,1.8,21,dopo le 7:45
53,2026-10-06 08:35:00,4,auto,16.5,42,7:00-7:30
54,2026-10-06 08:50:58,3,piedi,0.4,6,dopo le 7:45
55,2026-10-06 08:08:34,5,monopattino,1.7,13,7:30-7:45
56,2026-10-06 08:42:57,4,bus,8.6,49 minuti,7:00-7:30
57,2026-10-06 08:40:21,4,monopattino,4.5,20,dopo le 7:45
58,2026-10-06 09:02:18,5,bus,11.7,56,prima delle 7:00
59,2026-10-06 09:04:28,3,monopattino,1.9,11,7:30-7:45
60,2026-10-06 08:29:23,3,piedi,2.1,27,7:30-7:45
61,2026-10-06 08:36:30,4,bus,6.9,33,7:00-7:30
62,2026-10-06 08:27:09,4,bus,7.7,48,prima delle 7:00
63,2026-10-06 08:07:54,5,auto,5.8,20,dopo le 7:45
64,2026-10-06 08:10:08,3,in auto,2.3,9,7:30-7:45
65,2026-10-06 08:10:35,5,auto,7.3,22,dopo le 7:45
66,2026-10-06 09:01:34,4,bus,6.7,39,7:00-7:30
67,2026-10-06 08:29:49,3,auto,15.0,40,7:00-7:30
68,2026-10-06 08:09:54,3,auto,2.5,18,7:30-7:45
69,2026-10-06 08:21:26,5,BUS,13.8,60,prima delle 7:00
70,2026-10-06 08:59:36,5,bus,8.8,48,prima delle 7:00
71,2026-10-06 08:49:48,5,a piedi,0.9,10,7:30-7:45
72,2026-10-06 08:26:16,3,bici,2.9,10,7:30-7:45
73,2026-10-06 08:25:54,4,bici,5.6,22,dopo le 7:45
74,2026-10-06 09:04:28,4,piedi,0.8,,dopo le 7:45
75,2026-10-06 08:30:05,4,bus,3.9,23,dopo le 7:45
76,2026-10-06 08:12:52,3,bici,"3,9",300,7:30-7:45
77,2026-10-06 08:45:17,5,auto,7.5,23,dopo le 7:45
78,2026-10-06 08:19:30,3,auto,-3,28,7:00-7:30
79,2026-10-06 08:43:08,4,Piedi,1.2,12,dopo le 7:45
80,2026-10-06 08:52:25,4,auto,9.0,31,7:00-7:30
81,2026-10-06 08:39:04,4,bus,"9,5",44,7:00-7:30
82,2026-10-06 08:28:21,5,auto,15.5,45,7:00-7:30
83,2026-10-06 08:41:38,4,BUS,13.8,62',prima delle 7:00
84,2026-10-06 08:31:27,4,Piedi,2.2,27,7:30-7:45
85,2026-10-06 08:41:19,5,bus,7.0,38,7:00-7:30
86,2026-10-06 08:17:03,5,pullman,11.2,54,7:00-7:30
87,2026-10-06 08:50:39,4,Bus,"2,1",21,dopo le 7:45
88,2026-10-06 08:14:22,4,bus,13.6,64,7:00-7:30
89,2026-10-06 08:22:08,3,bici,4.3,19,7:30-7:45
90,2026-10-06 08:56:31,3,bus,"4,8",27,7:00-7:30
91,2026-10-06 08:36:48,5,bus,10.6,48,prima delle 7:00
92,2026-10-06 08:40:30,4,piedi,"0,4",3,
93,2026-10-06 08:46:21,5,bici,4.2,17,dopo le 7:45
94,2026-10-06 08:52:10,3,bus,7.6,42,7:30-7:45
95,2026-10-06 08:09:51,3,Monopattino,2.0,7,7:30-7:45
96,2026-10-06 08:26:59,3,bici,4.9,15,dopo le 7:45
97,2026-10-06 08:49:06,5,piedi,1.5,20,7:30-7:45
98,2026-10-06 08:34:12,5,bus,2.7,23,dopo le 7:45
99,2026-10-06 08:32:29,3,treno + bus,23.4,55,prima delle 7:00
100,2026-10-06 08:59:56,4,piedi ,1.9,24,dopo le 7:45
101,2026-10-06 09:02:57,3,bus,2.2,21,7:30-7:45
102,2026-10-06 08:59:18,3,Auto,9.3,23,7:30-7:45
103,2026-10-06 08:08:08,5,bus,2.4,29,7:00-7:30
104,2026-10-06 08:40:44,4,auto,"16,4",46,prima delle 7:00
105,2026-10-06 08:13:01,4,bus,11.4,56,prima delle 7:00
106,2026-10-06 08:45:53,4,bici,5.3,19,7:30-7:45
107,2026-10-06 08:19:56,4,a piedi,0.9,10,7:30-7:45
108,2026-10-06 08:09:29,4,bus,5.1,33,7:00-7:30
109,2026-10-06 08:44:00,5,piedi ,"1,1",10,
110,2026-10-06 08:25:38,3,auto,"3,9",13,dopo le 7:45
111,2026-10-06 09:00:45,3,monopattino elettrico,"2,3",9,dopo le 7:45
112,2026-10-06 08:39:02,4,piedi,0.4,7,dopo le 7:45
113,2026-10-06 08:11:04,5,auto,11.9,,7:00-7:30
114,2026-10-06 08:31:31,5,Treno,12.5,37,7:30-7:45
115,2026-10-06 08:55:07,4,bus,10.3,0,prima delle 7:00
116,2026-10-06 08:23:26,4,bici,3.9,14 minuti,7:30-7:45
117,2026-10-06 08:45:07,3,treno + bus,35.0,75,prima delle 7:00
118,2026-10-06 08:47:10,4,monopattino,"1,7",3,7:30-7:45
119,2026-10-06 08:22:35,4,piedi,1.9,24,7:30-7:45
120,2026-10-06 08:19:08,4,bus,9.5,47,7:00-7:30
121,2026-10-06 08:49:32,5,treno,28.4,60,7:00-7:30
122,2026-10-06 08:59:36,3,bus,2.5,24 minuti,dopo le 7:45
123,2026-10-06 08:29:06,5,BUS,11.8,56,7:00-7:30
124,2026-10-06 08:17:25,4,auto,2.2,13,7:30-7:45
125,2026-10-06 08:36:12,4,piedi,1.5,,7:30-7:45
126,2026-10-06 08:48:04,4,monopattino,5.0,18,7:30-7:45
127,2026-10-06 08:40:42,5,bus,4.2,27,7:00-7:30
128,2026-10-06 08:34:39,5,bus,10.7,53,7:00-7:30
129,2026-10-06 08:16:50,3,piedi,0.4,7,7:30-7:45
130,2026-10-06 08:48:58,4,monopattino,"3,2",16,dopo le 7:45
131,2026-10-06 08:38:42,3,treno + bus,31.1,68,prima delle 7:00
132,2026-10-06 08:29:20,5,bici,4.7,18,dopo le 7:45
133,2026-10-06 08:44:45,4,piedi,"1,4",,dopo le 7:45
134,2026-10-06 08:26:13,5,treno,24.1,53,prima delle 7:00
135,2026-10-06 08:15:07,4,auto,17.1,38 min,7:30-7:45
136,2026-10-06 08:43:39,4,bici,1.6,9,7:30-7:45
137,2026-10-06 08:21:13,4,bus,3.1,26,7:00-7:30
138,2026-10-06 09:02:47,5,autobus,12.9,65 minuti,7:00-7:30
139,2026-10-06 08:24:27,3,bus,1.6,17,7:30-7:45
140,2026-10-06 08:46:18,4,monopattino,4.7,20,dopo le 7:45
141,2026-10-06 08:16:45,5,bus,10.0,45,prima delle 7:00
142,2026-10-06 08:05:57,5,auto,4.6,26,7:30-7:45
143,2026-10-06 09:04:05,5,bici,4.2,16,7:30-7:45
144,2026-10-06 08:06:51,3,monopattino,4.0,14 min,dopo le 7:45
145,2026-10-06 08:05:20,5,BUS,6.5,31,7:30-7:45
146,2026-10-06 08:17:47,4,bus,"6,6",39,7:30-7:45
147,2026-10-06 08:09:42,5,bici,2.9,6,7:30-7:45
148,2026-10-06 08:26:11,5,bus,12.1,51,7:00-7:30
149,2026-10-06 08:50:26,5, bus,12.3,52,7:00-7:30
150,2026-10-06 08:14:34,4,auto,6.7,21,7:30-7:45
151,2026-10-06 09:04:51,3,piedi,1.5,15,7:30-7:45
152,2026-10-06 09:02:12,5,bus,13.9,60,7:00-7:30
153,2026-10-06 08:28:40,3,Piedi,1.3,14,dopo le 7:45
