id,media_voti,assenze_perc,attivita_extra,quartiere,trasporto_scolastico,colloquio_svolto,qualificato,ammesso
1,7.9,7,1,centro,0,1,si,si
2,8.5,3,0,centro,0,1,si,si
3,6.7,0,0,periferia,0,0,no,no
4,8.1,6,0,centro,0,1,si,si
5,5.9,11,0,centro,0,0,no,no
6,7.5,12,0,periferia,1,0,no,no
7,6.0,8,1,centro,0,0,no,no
8,7.7,7,0,centro,0,1,no,si
9,5.9,7,1,periferia,1,0,no,no
10,5.5,9,1,periferia,1,0,no,no
11,7.6,10,0,centro,0,0,no,no
12,9.1,1,0,centro,1,1,si,si
13,6.8,13,1,periferia,1,0,no,no
14,8.0,2,0,centro,0,1,si,si
15,7.4,7,1,centro,0,0,si,no
16,7.0,7,1,periferia,1,0,no,no
17,7.8,9,1,periferia,1,1,si,si
18,8.6,4,0,centro,0,1,si,si
19,6.3,5,0,periferia,1,0,no,no
20,7.8,7,1,centro,0,1,si,si
21,7.6,6,0,periferia,1,0,si,no
22,6.2,18,1,centro,0,0,no,no
23,8.6,8,0,periferia,1,1,si,si
24,8.9,5,0,centro,0,1,si,si
25,6.5,6,0,centro,1,0,no,no
26,8.7,6,1,periferia,1,1,si,si
27,7.3,0,0,centro,0,1,si,si
28,7.2,9,0,periferia,1,0,no,no
29,8.5,11,1,periferia,1,1,si,si
30,7.5,2,0,centro,1,1,si,si
31,7.6,8,0,centro,0,1,no,si
32,8.5,3,0,centro,0,1,si,si
33,8.3,8,1,centro,0,1,si,si
34,8.0,11,0,periferia,1,1,si,si
35,6.2,10,0,centro,0,0,no,no
36,6.0,10,1,centro,0,0,no,no
37,8.2,7,1,periferia,1,1,si,si
38,6.6,11,1,centro,1,0,no,no
39,7.4,8,0,periferia,1,0,no,no
40,6.4,9,0,centro,1,0,no,no
41,7.2,11,0,centro,0,0,no,no
42,6.3,7,0,centro,0,0,no,no
43,8.6,3,0,centro,0,1,si,si
44,6.5,10,0,centro,0,0,no,no
45,7.2,5,0,periferia,1,0,no,no
46,7.1,6,0,periferia,1,0,no,no
47,8.3,4,0,centro,0,1,si,si
48,6.2,11,1,centro,0,0,no,no
49,7.3,7,0,centro,0,1,si,si
50,7.1,1,0,periferia,1,0,si,no
51,7.7,11,0,centro,0,1,si,si
52,7.7,18,0,periferia,1,0,no,no
53,6.9,15,0,centro,0,0,no,no
54,7.5,6,0,centro,0,0,si,no
55,7.0,10,0,periferia,1,0,no,no
56,7.7,12,1,periferia,1,0,si,no
57,7.2,12,0,centro,0,0,no,no
58,6.8,8,1,centro,0,0,no,no
59,7.3,4,0,centro,0,0,no,no
60,7.6,11,0,centro,1,1,si,si
61,9.1,10,1,centro,0,1,si,si
62,6.9,5,1,periferia,0,0,si,no
63,7.5,6,1,centro,0,1,si,si
64,8.5,9,0,centro,0,1,si,si
65,5.6,10,0,periferia,0,0,no,no
66,5.9,10,1,centro,0,0,no,no
67,6.3,11,0,centro,0,0,no,no
68,7.2,12,0,periferia,1,0,no,no
69,9.3,9,0,periferia,0,1,si,si
70,7.6,3,1,centro,0,1,si,si
71,8.3,12,0,periferia,0,1,si,si
72,7.1,14,1,centro,0,0,no,no
73,5.5,16,0,centro,0,0,no,no
74,5.5,8,0,centro,1,0,no,no
75,8.1,8,0,centro,0,1,si,si
76,7.4,16,1,periferia,1,0,no,no
77,6.3,14,0,centro,1,0,no,no
78,8.2,11,0,periferia,1,0,no,no
79,6.1,11,0,centro,0,0,no,no
80,8.2,5,1,centro,1,1,si,si
81,8.5,10,0,centro,0,1,si,si
82,6.7,7,0,periferia,1,0,no,no
83,6.4,9,0,periferia,1,0,no,no
84,8.0,7,0,centro,0,1,si,si
85,6.4,6,0,centro,0,0,no,no
86,8.0,0,0,centro,0,1,si,si
87,6.3,7,1,periferia,0,0,no,no
88,7.9,9,1,centro,0,1,si,si
89,7.4,8,0,centro,0,0,no,no
90,7.0,6,1,centro,0,0,no,no
91,6.6,10,0,centro,0,0,no,no
92,7.5,13,0,periferia,1,0,no,no
93,5.8,13,0,periferia,1,0,no,no
94,7.1,5,0,centro,1,0,no,no
95,7.0,10,1,periferia,1,0,no,no
96,7.8,9,0,periferia,1,0,si,no
97,6.3,6,1,periferia,0,0,no,no
98,8.7,4,0,periferia,1,1,si,si
99,7.1,8,0,centro,0,0,no,no
100,6.4,6,1,periferia,1,0,no,no
101,8.4,17,1,centro,0,1,si,si
102,8.6,8,1,centro,1,1,si,si
103,7.1,9,1,periferia,1,0,si,no
104,6.6,8,0,periferia,1,0,no,no
105,7.3,17,1,periferia,0,0,no,no
106,6.7,4,1,centro,0,0,no,no
107,7.1,7,1,centro,0,1,si,si
108,8.5,5,1,centro,0,1,si,si
109,7.6,9,0,periferia,1,0,si,no
110,7.4,8,1,centro,0,0,si,no
111,7.6,12,0,centro,0,0,no,no
112,7.3,2,1,centro,0,1,si,si
113,8.0,8,0,centro,1,1,si,si
114,8.0,16,0,periferia,0,0,si,no
115,7.0,8,0,periferia,1,0,no,no
116,7.4,7,0,centro,0,1,si,si
117,9.2,4,1,centro,0,1,si,si
118,7.6,0,0,centro,0,0,si,no
119,7.2,10,0,periferia,1,0,no,no
120,8.9,13,0,centro,0,1,si,si
121,7.3,6,1,centro,0,1,si,si
122,6.4,1,1,centro,0,0,no,no
123,7.8,11,1,periferia,1,1,si,si
124,6.6,10,0,periferia,1,0,no,no
125,6.9,12,1,centro,0,1,no,si
126,7.6,14,0,periferia,1,0,no,no
127,7.2,7,1,centro,1,1,no,si
128,6.7,10,1,centro,0,0,no,no
129,6.9,1,0,centro,0,0,no,no
130,6.8,12,1,centro,0,0,no,no
131,8.2,11,0,periferia,0,0,si,no
132,6.7,12,1,centro,0,0,no,no
133,6.8,12,0,centro,0,0,no,no
134,8.9,9,1,periferia,1,1,si,si
135,6.9,9,1,periferia,0,0,no,no
136,8.5,6,0,periferia,1,1,si,si
137,8.4,2,0,periferia,1,1,si,si
138,7.2,7,1,centro,0,1,si,si
139,6.2,11,0,periferia,1,0,no,no
140,7.7,6,0,periferia,1,1,si,si
141,7.8,11,0,centro,0,1,no,si
142,8.1,8,0,centro,0,1,si,si
143,7.4,10,0,centro,0,0,no,no
144,8.3,7,0,periferia,1,0,si,no
145,8.4,3,1,periferia,1,1,si,si
146,6.5,13,0,periferia,0,0,no,no
147,8.4,12,0,periferia,1,0,si,no
148,7.4,7,0,centro,0,0,no,no
149,6.8,8,0,periferia,1,0,no,no
150,7.0,7,0,centro,0,0,no,no
151,8.8,7,1,centro,0,1,si,si
152,8.1,6,1,centro,0,1,si,si
153,5.9,0,1,centro,0,0,no,no
154,7.4,11,0,centro,0,0,no,no
155,7.2,4,0,periferia,1,0,no,no
156,7.2,9,1,periferia,1,0,si,no
157,6.9,7,1,centro,0,0,no,no
158,6.1,11,1,periferia,1,0,no,no
159,8.0,1,0,centro,0,1,si,si
160,6.5,15,1,periferia,1,0,no,no
161,7.0,11,0,centro,0,0,no,no
162,6.8,13,1,periferia,1,0,no,no
163,6.7,13,0,centro,0,0,no,no
164,7.9,7,1,periferia,1,1,si,si
165,7.6,0,0,periferia,1,1,si,si
166,6.8,9,1,centro,0,0,no,no
167,6.5,13,0,centro,0,0,no,no
168,6.9,15,0,periferia,0,0,no,no
169,8.1,6,0,centro,0,1,si,si
170,7.4,8,0,centro,0,0,no,no
171,7.5,9,0,centro,0,0,no,no
172,7.0,1,0,centro,0,1,no,si
173,7.1,5,1,centro,0,0,no,no
174,7.5,7,0,periferia,1,0,si,no
175,5.8,16,0,periferia,1,0,no,no
176,8.6,7,0,periferia,1,1,si,si
177,6.7,16,0,periferia,1,0,no,no
178,6.8,10,1,periferia,1,0,no,no
179,8.4,1,1,centro,0,1,si,si
180,7.5,19,0,periferia,1,0,no,no
181,7.3,4,0,centro,0,1,si,si
182,6.8,12,1,periferia,0,0,no,no
183,6.1,15,1,centro,0,0,no,no
184,7.4,6,1,centro,0,1,si,si
185,8.3,5,0,periferia,1,1,si,si
186,6.6,14,0,periferia,1,0,no,no
187,8.4,10,0,periferia,1,1,si,si
188,6.4,5,0,periferia,1,0,no,no
189,6.7,6,0,periferia,1,0,no,no
190,7.7,6,1,centro,0,1,si,si
191,7.3,14,0,periferia,1,0,no,no
192,7.9,7,0,centro,0,1,no,si
193,6.7,13,1,periferia,0,0,no,no
194,6.5,17,1,periferia,0,0,no,no
195,5.8,15,0,periferia,1,0,no,no
196,6.3,16,0,periferia,0,0,no,no
197,6.4,13,0,centro,0,0,no,no
198,6.2,4,0,periferia,1,0,no,no
199,7.5,13,1,centro,0,0,si,no
200,6.8,11,0,periferia,1,0,no,no
201,5.7,8,1,centro,0,0,no,no
202,9.3,4,1,centro,1,1,si,si
203,6.6,4,0,periferia,1,0,no,no
204,6.3,4,0,centro,0,0,no,no
205,8.3,8,0,centro,0,1,si,si
206,8.2,5,0,periferia,1,1,si,si
207,6.4,5,0,centro,0,0,no,no
208,6.1,8,0,periferia,1,0,no,no
209,6.5,11,0,centro,1,0,no,no
210,8.2,7,1,centro,0,1,si,si
211,7.1,7,0,centro,0,0,no,no
212,6.7,13,1,centro,0,0,no,no
213,7.3,7,0,centro,0,0,no,no
214,8.3,12,0,periferia,0,0,si,no
215,6.2,4,1,centro,0,0,no,no
216,7.0,9,0,centro,1,0,no,no
217,6.2,8,0,centro,0,0,no,no
218,9.0,9,0,centro,0,1,si,si
219,8.8,8,1,periferia,0,1,si,si
220,8.1,4,0,centro,0,1,si,si
221,7.2,9,1,periferia,1,0,no,no
222,7.8,6,0,centro,0,1,si,si
223,5.6,12,1,centro,0,0,no,no
224,7.5,12,0,centro,0,0,no,no
225,6.2,3,0,centro,0,0,no,no
226,6.2,13,0,periferia,1,0,no,no
227,6.7,6,0,centro,0,0,no,no
228,7.0,10,1,centro,0,0,no,no
229,7.8,6,0,centro,1,1,si,si
230,7.9,4,1,periferia,1,1,si,si
231,7.5,14,1,periferia,0,0,no,no
232,6.5,10,0,centro,1,0,no,no
233,7.8,3,1,centro,0,1,si,si
234,7.2,2,1,periferia,1,0,si,no
235,8.2,8,0,periferia,1,1,si,si
236,6.6,3,0,centro,0,0,no,no
237,5.5,7,0,centro,0,0,no,no
238,6.9,10,0,centro,0,0,no,no
239,9.0,14,1,centro,0,1,si,si
240,7.7,7,0,centro,1,0,si,no
241,7.1,14,0,centro,0,0,no,no
242,8.0,13,0,centro,0,1,si,si
243,7.7,6,0,centro,0,1,si,si
244,7.7,3,0,periferia,1,0,si,no
245,6.9,13,0,periferia,1,0,no,no
246,7.4,10,0,centro,1,0,no,no
247,7.5,17,1,centro,0,0,no,no
248,6.8,14,0,centro,0,0,no,no
249,6.4,13,0,periferia,1,0,no,no
250,7.4,17,1,periferia,1,0,si,no
251,8.1,4,0,centro,1,1,si,si
252,7.8,11,0,periferia,0,0,no,no
253,7.7,9,0,periferia,0,0,si,no
254,7.7,15,0,centro,0,0,no,no
255,9.4,12,1,periferia,1,1,si,si
256,7.5,0,0,centro,0,1,si,si
257,8.1,14,1,centro,0,1,si,si
258,8.9,6,0,periferia,0,1,si,si
259,7.3,11,0,centro,0,0,no,no
260,7.5,8,0,periferia,1,0,no,no
261,8.1,11,0,periferia,1,0,si,no
262,8.7,13,1,periferia,1,1,si,si
263,7.6,9,0,centro,1,0,no,no
264,7.6,4,0,centro,0,1,si,si
265,7.4,16,0,periferia,1,0,no,no
266,6.3,12,0,periferia,1,0,no,no
267,8.2,10,0,periferia,0,0,si,no
268,7.1,13,0,periferia,1,0,no,no
269,5.9,8,0,periferia,1,0,no,no
270,7.2,16,0,centro,0,0,no,no
271,5.9,9,0,centro,0,0,no,no
272,6.5,10,0,centro,1,0,no,no
273,7.3,11,1,periferia,0,0,no,no
274,6.6,4,1,centro,0,0,no,no
275,8.2,5,0,periferia,1,0,si,no
276,6.1,9,0,centro,0,0,no,no
277,7.5,9,0,centro,0,0,no,no
278,7.8,15,1,periferia,0,0,si,no
279,8.5,10,0,centro,0,1,si,si
280,8.0,4,0,centro,0,1,si,si
281,7.5,10,0,centro,0,0,no,no
282,7.4,13,1,periferia,0,0,no,no
283,7.3,12,1,centro,0,0,no,no
284,8.2,9,1,centro,0,1,si,si
285,6.8,3,0,centro,0,0,no,no
286,7.7,15,1,periferia,1,0,no,no
287,7.2,5,0,centro,0,1,si,si
288,7.5,10,0,centro,0,0,no,no
289,7.1,2,0,centro,0,1,si,si
290,9.0,11,1,centro,0,1,si,si
291,6.8,7,1,periferia,1,0,no,no
292,7.5,12,0,centro,1,0,no,no
293,7.5,17,0,periferia,1,0,no,no
294,7.8,15,1,periferia,0,0,si,no
295,7.7,5,0,periferia,1,1,si,si
296,7.6,6,0,periferia,1,0,si,no
297,8.1,5,0,centro,0,1,si,si
298,6.1,11,1,centro,0,0,no,no
299,7.3,9,0,centro,0,0,no,no
300,6.3,9,1,centro,0,0,no,no
301,7.5,9,1,centro,0,1,si,si
302,6.4,12,0,periferia,1,0,no,no
303,6.5,11,0,centro,0,0,no,no
304,7.3,15,0,centro,0,0,no,no
305,8.4,8,0,centro,1,1,si,si
306,7.8,11,1,periferia,1,1,si,si
307,7.5,1,0,centro,1,0,si,no
308,8.4,3,1,centro,0,1,si,si
309,6.6,7,0,periferia,1,0,no,no
310,5.6,3,0,centro,1,0,no,no
311,7.0,9,1,centro,0,0,no,no
312,7.1,14,1,periferia,1,0,no,no
313,8.3,6,0,centro,0,1,si,si
314,9.0,8,0,periferia,0,1,si,si
315,6.2,6,0,centro,0,0,no,no
316,9.3,11,1,periferia,1,1,si,si
317,8.6,6,1,centro,0,1,si,si
318,8.0,10,1,centro,1,1,si,si
319,7.6,11,0,periferia,1,0,no,no
320,9.3,9,1,centro,0,1,si,si
321,7.4,11,1,centro,0,1,no,si
322,6.9,8,0,centro,0,0,no,no
323,7.4,9,1,centro,0,1,si,si
324,6.2,15,0,centro,0,0,no,no
325,7.7,10,0,periferia,1,0,no,no
326,7.2,13,0,periferia,1,0,no,no
327,7.6,8,0,centro,0,0,no,no
328,7.6,6,1,centro,0,0,si,no
329,6.5,8,1,periferia,1,0,no,no
330,8.4,5,1,centro,0,1,si,si
331,6.5,8,1,centro,1,0,no,no
332,8.0,6,0,centro,0,1,si,si
333,6.0,6,1,centro,1,0,no,no
334,7.6,13,1,centro,0,1,si,si
335,6.7,9,0,periferia,0,0,no,no
336,7.3,15,0,periferia,1,0,no,no
337,6.8,11,0,periferia,0,0,no,no
338,5.6,13,0,periferia,0,0,no,no
339,6.4,6,1,centro,0,0,no,no
340,7.4,11,0,periferia,0,0,no,no
341,7.8,19,1,centro,0,1,no,si
342,6.1,11,0,centro,0,0,no,no
343,5.6,14,0,periferia,1,0,no,no
344,6.6,11,0,periferia,0,0,no,no
345,7.1,13,1,periferia,1,0,no,no
346,6.8,5,0,periferia,1,0,no,no
347,6.7,7,0,periferia,0,0,no,no
348,8.0,10,0,centro,0,1,si,si
349,8.1,11,0,centro,1,1,si,si
350,7.9,6,1,centro,0,1,si,si
351,6.6,7,0,centro,0,0,no,no
352,7.4,9,1,periferia,0,0,si,no
353,7.2,7,0,centro,0,0,no,no
354,6.2,3,0,centro,0,0,no,no
355,8.0,4,1,periferia,1,1,si,si
356,7.4,8,1,centro,0,1,si,si
357,6.9,3,1,periferia,0,0,si,no
358,8.4,4,0,centro,0,1,si,si
359,7.9,5,0,centro,0,1,si,si
360,8.0,6,1,periferia,1,1,si,si
361,8.3,11,1,periferia,1,1,si,si
362,7.9,6,0,centro,0,1,si,si
363,6.3,8,0,centro,0,0,no,no
364,7.0,6,0,periferia,1,0,no,no
365,8.1,5,0,centro,0,1,si,si
366,6.7,10,1,centro,0,0,no,no
367,7.3,9,0,centro,0,1,si,si
368,7.6,6,0,centro,0,0,si,no
369,8.5,11,1,periferia,1,1,si,si
370,8.4,9,1,centro,0,1,si,si
371,8.0,11,1,periferia,1,0,si,no
372,7.2,14,0,centro,0,0,no,no
373,8.0,6,0,centro,0,1,si,si
374,7.7,12,0,periferia,1,0,no,no
375,7.2,10,0,centro,0,0,no,no
376,8.4,7,1,centro,0,1,si,si
377,7.7,3,0,centro,0,1,si,si
378,6.7,11,1,centro,0,0,no,no
379,8.3,9,1,centro,0,1,si,si
380,7.1,8,0,centro,0,0,no,no
381,7.8,10,0,periferia,0,0,no,no
382,6.1,8,0,centro,0,0,no,no
383,7.3,4,0,centro,0,1,si,si
384,6.6,11,1,periferia,1,0,no,no
385,6.5,3,0,periferia,1,0,no,no
386,5.8,8,1,centro,0,0,no,no
387,9.0,2,0,centro,0,1,si,si
388,7.2,8,0,periferia,1,0,no,no
389,7.5,13,1,periferia,1,0,si,no
390,8.2,9,0,periferia,0,0,si,no
391,7.2,6,1,centro,0,0,no,no
392,7.7,10,0,centro,0,0,no,no
393,6.2,9,0,periferia,1,0,no,no
394,7.5,8,0,periferia,1,0,no,no
395,7.0,8,0,periferia,1,0,no,no
396,7.7,16,0,periferia,0,0,no,no
397,7.5,10,0,centro,0,0,no,no
398,6.2,10,1,centro,1,0,no,no
399,5.8,5,0,periferia,1,0,no,no
400,6.5,12,0,periferia,1,0,no,no
401,7.9,5,0,periferia,1,0,si,no
402,7.6,12,0,periferia,1,0,no,no
403,7.6,3,0,centro,1,1,no,si
404,5.7,16,0,centro,0,0,no,no
405,5.5,3,1,periferia,1,0,no,no
406,6.8,13,0,centro,0,0,no,no
407,7.0,13,1,periferia,1,0,no,no
408,6.8,3,1,periferia,1,0,si,no
409,7.6,9,1,periferia,1,1,si,si
410,7.2,14,0,centro,0,0,no,no
411,6.4,12,1,centro,0,0,no,no
412,6.6,3,1,periferia,1,0,no,no
413,7.4,6,1,centro,0,1,si,si
414,7.4,5,0,periferia,1,0,no,no
415,7.2,4,1,centro,0,1,si,si
416,9.1,5,0,centro,1,1,si,si
417,7.1,15,1,centro,0,0,no,no
418,7.4,10,0,periferia,1,0,si,no
419,6.5,9,1,periferia,0,0,no,no
420,7.0,6,0,centro,0,0,no,no
421,7.7,12,1,periferia,1,0,si,no
422,7.8,13,0,periferia,1,0,no,no
423,7.2,4,0,centro,1,0,no,no
424,7.6,16,1,periferia,1,0,no,no
425,7.3,5,0,periferia,1,0,no,no
426,5.8,9,0,periferia,1,0,no,no
427,5.5,10,1,centro,0,0,no,no
428,9.1,15,1,centro,0,1,si,si
429,8.0,6,1,centro,1,1,si,si
430,7.3,11,0,periferia,0,0,no,no
431,5.9,15,1,periferia,0,0,no,no
432,6.3,10,0,centro,0,0,no,no
433,8.4,12,1,centro,0,1,si,si
434,5.5,12,1,centro,1,0,no,no
435,7.0,9,0,centro,0,0,no,no
436,8.0,12,1,periferia,1,0,si,no
437,7.4,11,1,centro,0,1,si,si
438,7.9,8,0,centro,0,1,si,si
439,7.2,14,1,centro,0,1,no,si
440,9.2,0,1,centro,0,1,si,si
441,6.5,6,0,periferia,1,0,no,no
442,6.2,14,1,centro,0,0,no,no
443,7.5,11,0,periferia,1,0,no,no
444,8.4,7,1,periferia,1,1,si,si
445,7.3,11,1,periferia,1,0,no,no
446,8.1,12,1,centro,0,1,si,si
447,6.9,8,1,periferia,0,0,no,no
448,6.4,13,1,periferia,0,0,no,no
449,8.4,9,0,periferia,0,0,si,no
450,8.6,9,0,periferia,1,1,si,si
451,8.5,9,0,periferia,1,1,si,si
452,6.9,12,0,centro,0,0,no,no
453,6.4,5,1,periferia,1,0,no,no
454,6.4,6,0,centro,0,0,no,no
455,7.1,10,1,centro,0,0,no,no
456,7.8,5,0,periferia,0,0,si,no
457,7.7,1,0,centro,0,1,si,si
458,6.2,12,0,periferia,1,0,no,no
459,7.5,8,1,centro,0,1,si,si
460,7.3,9,1,periferia,0,0,si,no
461,7.4,10,0,periferia,0,0,no,no
462,7.3,6,0,periferia,1,0,si,no
463,7.1,21,1,periferia,1,0,no,no
464,7.8,4,0,centro,1,1,si,si
465,7.4,6,0,centro,0,0,no,no
466,7.5,2,1,centro,0,1,si,si
467,6.7,6,0,centro,0,0,no,no
468,7.6,14,1,centro,0,1,si,si
469,7.2,8,1,centro,0,1,no,si
470,5.6,10,0,centro,0,0,no,no
471,7.7,8,1,periferia,1,0,si,no
472,7.1,15,0,centro,0,0,no,no
473,8.0,10,0,periferia,1,0,si,no
474,7.2,3,0,centro,0,0,si,no
475,7.2,13,1,periferia,1,0,no,no
476,7.5,8,0,periferia,1,0,no,no
477,7.3,10,0,centro,0,0,no,no
478,6.9,8,0,centro,0,0,no,no
479,5.9,9,0,centro,0,0,no,no
480,8.8,8,1,centro,0,1,si,si
481,6.0,4,0,centro,1,0,no,no
482,7.0,2,1,centro,0,0,no,no
483,7.8,12,0,centro,0,0,no,no
484,7.6,9,1,periferia,1,0,si,no
485,7.8,9,1,centro,0,1,si,si
486,7.9,6,1,centro,0,1,si,si
487,8.3,2,1,periferia,1,1,si,si
488,7.5,3,1,centro,0,1,si,si
489,9.6,13,0,centro,0,1,si,si
490,6.5,5,0,centro,0,0,no,no
491,7.5,8,0,periferia,1,0,si,no
492,7.0,4,0,periferia,0,0,no,no
493,6.9,8,0,periferia,1,0,no,no
494,7.5,8,1,periferia,1,0,si,no
495,8.5,7,0,centro,0,1,si,si
496,6.7,9,0,periferia,0,0,no,no
497,6.7,5,0,centro,0,0,no,no
498,7.9,5,0,centro,0,1,si,si
499,7.7,10,1,periferia,1,0,si,no
500,8.9,11,1,periferia,1,1,si,si
501,8.1,7,1,centro,0,1,si,si
502,7.5,15,0,centro,0,0,no,no
503,7.0,9,1,centro,0,0,no,no
504,7.5,8,0,centro,1,0,no,no
505,7.2,7,1,periferia,1,0,si,no
506,6.2,14,0,periferia,1,0,no,no
507,7.3,6,0,periferia,0,0,no,no
508,7.2,3,0,periferia,1,0,no,no
509,7.1,6,0,periferia,1,0,si,no
510,7.0,10,0,centro,0,0,no,no
511,8.7,5,0,periferia,1,1,si,si
512,7.9,13,0,centro,0,0,no,no
513,8.0,8,1,centro,0,1,si,si
514,6.8,2,0,centro,0,0,no,no
515,6.5,9,0,periferia,1,0,no,no
516,7.1,17,1,periferia,1,0,no,no
517,7.5,6,1,periferia,1,1,si,si
518,7.0,2,0,centro,0,0,no,no
519,7.1,12,0,periferia,1,0,no,no
520,8.1,15,0,periferia,1,0,no,no
521,7.5,14,1,periferia,0,0,si,no
522,6.5,8,0,periferia,1,0,no,no
523,7.0,8,0,centro,0,0,no,no
524,6.8,11,0,periferia,1,0,no,no
525,7.4,12,0,centro,0,0,no,no
526,6.4,18,1,periferia,0,0,no,no
527,7.2,7,0,centro,0,0,no,no
528,7.9,15,1,periferia,1,0,si,no
529,7.3,6,1,centro,0,1,si,si
530,6.6,12,0,periferia,1,0,no,no
531,6.8,6,0,periferia,1,0,no,no
532,7.4,7,0,periferia,1,0,no,no
533,7.7,11,1,periferia,1,0,no,no
534,8.0,6,0,periferia,0,1,si,si
535,7.2,11,0,centro,0,0,no,no
536,6.2,6,0,centro,0,0,no,no
537,8.4,10,1,periferia,0,1,si,si
538,7.5,9,1,periferia,1,1,si,si
539,7.6,8,0,periferia,1,0,si,no
540,7.5,8,0,centro,0,0,no,no
541,6.5,12,1,centro,1,0,no,no
542,7.0,20,0,centro,0,0,no,no
543,7.5,3,1,centro,0,1,si,si
544,8.1,9,0,centro,0,1,si,si
545,7.3,9,0,periferia,1,0,no,no
546,5.5,4,0,centro,0,0,no,no
547,7.1,11,0,periferia,0,0,no,no
548,7.6,4,0,centro,0,1,si,si
549,8.3,7,1,centro,0,1,si,si
550,7.9,13,0,centro,0,0,no,no
551,9.3,2,0,periferia,1,1,si,si
552,8.4,9,1,centro,0,1,si,si
553,8.4,10,0,centro,0,1,si,si
554,8.1,6,1,periferia,1,1,si,si
555,6.2,10,1,centro,0,0,no,no
556,8.0,11,1,periferia,1,0,si,no
557,7.8,6,0,centro,0,1,si,si
558,6.9,15,1,periferia,1,0,no,no
559,7.8,2,0,centro,0,1,si,si
560,7.6,10,0,centro,0,1,si,si
561,6.9,9,1,periferia,1,0,no,no
562,7.2,5,0,periferia,1,0,no,no
563,7.1,9,0,periferia,1,0,no,no
564,7.5,8,1,periferia,0,0,no,no
565,7.0,13,0,periferia,1,0,no,no
566,7.7,4,0,periferia,1,0,si,no
567,5.8,9,1,periferia,0,0,no,no
568,7.1,6,1,centro,1,1,si,si
569,6.0,16,1,periferia,1,0,no,no
570,6.9,3,1,centro,0,1,no,si
571,7.7,12,1,centro,0,0,no,no
572,7.3,1,0,centro,0,1,si,si
573,7.2,9,1,centro,0,1,no,si
574,7.4,7,1,centro,0,1,si,si
575,8.6,9,0,centro,0,1,si,si
576,6.4,7,1,periferia,1,0,no,no
577,8.0,2,0,periferia,1,0,si,no
578,6.1,4,0,periferia,1,0,no,no
579,6.9,15,0,periferia,0,0,no,no
580,7.4,11,0,periferia,1,0,si,no
581,6.6,6,1,periferia,1,0,no,no
582,7.5,13,1,periferia,0,0,no,no
583,7.9,7,0,periferia,1,0,si,no
584,6.3,5,0,centro,0,0,no,no
585,7.2,3,0,centro,0,1,si,si
586,7.0,14,1,periferia,1,0,no,no
587,5.7,16,1,centro,0,0,no,no
588,7.2,6,0,periferia,1,0,no,no
589,6.7,9,1,centro,0,0,no,no
590,8.4,12,0,centro,0,1,si,si
591,6.6,18,1,periferia,1,0,no,no
592,8.7,0,1,centro,0,1,si,si
593,6.9,8,1,centro,1,0,no,no
594,8.9,10,0,centro,0,1,si,si
595,7.7,2,0,centro,0,1,si,si
596,7.7,9,0,centro,0,1,si,si
597,7.9,10,0,periferia,1,0,no,no
598,8.0,11,1,centro,0,1,si,si
599,8.4,5,0,centro,1,1,si,si
600,8.7,11,0,periferia,1,1,si,si
